,Riders All Time in All Classes,Victories,2nd places,3rd places,Pole positions from '74 to 2022,Race fastest lap to 2022,World Championships,Victories,Country
0,AGOSTINI Giacomo,122.0,35.0,2.0,9.0,117.0,15.0,122,IT
1,ROSSI Valentino,115.0,67.0,53.0,65.0,96.0,9.0,115,IT
2,NIETO Angel,90.0,35.0,14.0,34.0,81.0,13.0,90,ES
3,MARQUEZ Marc,85.0,36.0,17.0,90.0,75.0,8.0,85,ES
4,HAILWOOD Mike,76.0,25.0,11.0,0.0,79.0,9.0,76,GB
5,LORENZO Jorge,68.0,51.0,33.0,69.0,37.0,5.0,68,ES
6,PEDROSA Dani,54.0,52.0,47.0,49.0,64.0,3.0,54,AU
7,DOOHAN Mick,54.0,31.0,10.0,58.0,46.0,5.0,54,ES
8,READ Phil,52.0,44.0,25.0,5.0,36.0,7.0,52,GB
9,REDMAN Jim,45.0,33.0,20.0,0.0,35.0,6.0,45,AU
10,STONER Casey,45.0,17.0,27.0,43.0,33.0,2.0,45,
11,BIAGGI Max,42.0,41.0,28.0,56.0,42.0,4.0,42,IT
12,MANG Anton,42.0,25.0,17.0,34.0,26.0,5.0,42,DE
13,UBBIALI Carlo,39.0,20.0,9.0,0.0,34.0,9.0,39,IT
14,SURTEES John,38.0,4.0,3.0,0.0,34.0,7.0,38,GB
15,MARTINEZ Jorge,37.0,14.0,10.0,42.0,11.0,4.0,37,ES
16,CADALORA Luca,34.0,22.0,16.0,29.0,30.0,3.0,34,IT
17,DUKE Geoff,33.0,7.0,10.0,0.0,29.0,6.0,33,GB
18,LAWSON Eddie,31.0,31.0,16.0,18.0,21.0,4.0,31,US
19,BALLINGTON Kork,31.0,9.0,6.0,19.0,16.0,4.0,31,ZA
20,TAVERI Luigi,30.0,33.0,26.0,0.0,28.0,3.0,30,CH
21,CAPIROSSI Loris,29.0,34.0,36.0,41.0,32.0,3.0,29,IT
22,LAZZARINI Eugenio,27.0,35.0,19.0,35.0,15.0,3.0,27,IT
23,BIANCHI Pierpaolo,27.0,17.0,17.0,32.0,25.0,3.0,27,US
24,SPENCER Freddie,27.0,10.0,2.0,33.0,24.0,3.0,27,IT
25,VIÑALES Maverick,25.0,23.0,20.0,24.0,22.0,1.0,25,NZ
26,SCHWANTZ Kevin,25.0,13.0,13.0,29.0,26.0,1.0,25,ES
27,ANDERSON Hugh,25.0,12.0,11.0,0.0,25.0,4.0,25,US
28,DOVIZIOSO Andrea,24.0,39.0,40.0,20.0,22.0,1.0,24,IT
29,RAINEY Wayne,24.0,22.0,19.0,16.0,23.0,3.0,24,US
30,ROBERTS Kenny,24.0,14.0,6.0,22.0,27.0,3.0,24,US
31,VILLA Walter,24.0,6.0,6.0,21.0,20.0,4.0,24,IT
32,SHEENE Barry,23.0,13.0,16.0,19.0,20.0,2.0,23,GB
33,MELANDRI Marco,22.0,20.0,20.0,9.0,16.0,1.0,22,IT
34,GRESINI Fausto,21.0,15.0,11.0,17.0,13.0,2.0,21,GB
35,IVY Bill,21.0,15.0,6.0,0.0,29.0,1.0,21,IT
36,CRIVILLE Alex,20.0,21.0,25.0,12.0,20.0,2.0,20,DE
37,WALDMANN Ralf,20.0,15.0,15.0,10.0,16.0,0.0,20,IT
38,PROVINI Tarquinio,20.0,10.0,9.0,0.0,26.0,2.0,20,ES
39,LAVADO Carlos,19.0,15.0,8.0,22.0,13.0,2.0,19,
40,HOCKING Gary,19.0,12.0,2.0,0.0,21.0,2.0,19,ES
41,TORMO Ricardo,19.0,11.0,6.0,23.0,4.0,2.0,19,VE
42,DÖRFLINGER Stefan,18.0,27.0,13.0,34.0,0.0,4.0,18,SE
43,GARDNER Wayne,18.0,20.0,14.0,19.0,19.0,1.0,18,CH
44,ANDERSSON Kent,18.0,15.0,20.0,4.0,9.0,2.0,18,AU
45,HARADA Tetsuya,17.0,26.0,12.0,21.0,21.0,1.0,17,ES
46,LUTHI Thomas,17.0,23.0,25.0,12.0,19.0,1.0,17,ZA
47,ELIAS Toni,17.0,13.0,13.0,12.0,12.0,1.0,17,JP
48,BINDER Brad,17.0,13.0,8.0,7.0,12.0,1.0,17,CH
49,KATO Daijiro,17.0,5.0,5.0,11.0,11.0,1.0,17,JP
50,KALLIO Mika,16.0,24.0,9.0,18.0,12.0,0.0,16,ES
51,ZARCO Johann,16.0,22.0,16.0,26.0,19.0,2.0,16,PT
52,TEROL Nicolas,16.0,17.0,6.0,9.0,8.0,1.0,16,FI
53,BAUTISTA Alvaro,16.0,15.0,18.0,18.0,22.0,1.0,16,ES
54,OLIVEIRA Miguel,16.0,13.0,11.0,5.0,12.0,0.0,16,FR
55,RINS Alex,15.0,23.0,17.0,17.0,17.0,0.0,15,ES
56,PONS Sito,15.0,16.0,10.0,4.0,12.0,2.0,15,ES
57,ESPARGARO Pol,15.0,15.0,22.0,20.0,16.0,1.0,15,DE
58,DEGNER Ernst,15.0,11.0,12.0,0.0,13.0,1.0,15,FI
59,SAARINEN Jarno,15.0,7.0,10.0,0.0,18.0,1.0,15,ES
60,BRAUN Dieter,14.0,17.0,18.0,0.0,10.0,2.0,14,IT
61,ANSCHEIDT Hans-Georg,14.0,13.0,7.0,0.0,12.0,3.0,14,NL
62,CECOTTO Johnny,14.0,10.0,2.0,22.0,7.0,1.0,14,VE
63,DE VRIES Jan,14.0,9.0,4.0,0.0,13.0,2.0,14,DE
64,BAGNAIA Francesco,14.0,8.0,11.0,13.0,11.0,1.0,14,DE
65,SIMONCELLI Marco,14.0,6.0,11.0,15.0,9.0,1.0,14,IT
66,RAUDIES Dirk,14.0,6.0,3.0,8.0,9.0,1.0,14,DE
67,MAMOLA Randy,13.0,25.0,19.0,5.0,12.0,0.0,13,US
68,UEDA Noboru,13.0,12.0,14.0,19.0,11.0,0.0,13,US
69,KOCINSKI John,13.0,12.0,10.0,20.0,15.0,1.0,13,ES
70,FENATI Romano,13.0,11.0,5.0,7.0,15.0,0.0,13,IT
71,RABAT Tito,13.0,10.0,13.0,16.0,11.0,1.0,13,JP
72,IANNONE Andrea,13.0,8.0,14.0,10.0,17.0,0.0,13,IT
73,MARQUEZ Alex,12.0,16.0,12.0,15.0,17.0,2.0,12,ES
74,POGGIALI Manuel,12.0,10.0,13.0,11.0,7.0,2.0,12,IT
75,MIR Joan,12.0,10.0,11.0,2.0,7.0,2.0,12,GB
76,PASINI Mattia,12.0,8.0,10.0,19.0,6.0,0.0,12,ES
77,ANDERSON Fergus,12.0,5.0,7.0,0.0,12.0,2.0,12,SM
78,SAKATA Kazuto,11.0,23.0,7.0,29.0,19.0,2.0,11,JP
79,KATAYAMA Takazumi,11.0,11.0,13.0,5.0,6.0,1.0,11,ES
80,MARTIN Jorge,11.0,10.0,12.0,27.0,8.0,1.0,11,JP
81,HAAS Werner,11.0,7.0,0.0,1.0,11.0,3.0,11,JP
82,MORBIDELLI Franco,11.0,6.0,10.0,8.0,14.0,1.0,11,IT
83,SIMMONDS Dave,11.0,6.0,5.0,0.0,7.0,1.0,11,GB
84,UI Youichi,11.0,6.0,5.0,17.0,9.0,0.0,11,DE
85,GOULD Rodney,10.0,16.0,8.0,0.0,8.0,1.0,10,FR
86,BRYANS Ralph,10.0,15.0,15.0,0.0,7.0,1.0,10,ES
87,HANSFORD Greg,10.0,14.0,1.0,11.0,5.0,0.0,10,ES
88,QUARTARARO Fabio,10.0,11.0,5.0,19.0,12.0,1.0,10,JP
89,BARBERA Hector,10.0,9.0,13.0,9.0,10.0,0.0,10,AU
90,AZUMA Masao,10.0,4.0,6.0,2.0,12.0,0.0,10,GB
91,FERNANDEZ Raul,10.0,3.0,3.0,13.0,8.0,0.0,10,IE
92,GIBERNAU Sete,9.0,14.0,7.0,13.0,8.0,0.0,9,ES
93,GIANOLA Ezio,9.0,13.0,8.0,12.0,10.0,0.0,9,GB
94,SALOM Luis,9.0,10.0,6.0,4.0,7.0,0.0,9,JP
95,AOYAMA Hiroshi,9.0,8.0,10.0,8.0,11.0,1.0,9,HU
96,TALMACSI Gabor,9.0,8.0,9.0,11.0,9.0,1.0,9,IT
97,LOCATELLI Roberto,9.0,7.0,9.0,18.0,10.0,1.0,9,ES
98,AOKI Haruchika,9.0,6.0,5.0,6.0,5.0,2.0,9,AU
99,LOWES Sam,9.0,5.0,10.0,17.0,9.0,0.0,9,IT
100,SPAAN Hans,9.0,5.0,7.0,9.0,5.0,0.0,9,JP
101,MILLER Jack,9.0,4.0,13.0,9.0,3.0,0.0,9,GB
102,LOMAS Bill,9.0,3.0,4.0,0.0,14.0,2.0,9,NL
103,REGGIANI Loris,8.0,14.0,19.0,5.0,8.0,0.0,8,IT
104,BASTIANINI Enea,8.0,11.0,17.0,9.0,8.0,1.0,8,FI
105,SIMON Julian,8.0,11.0,7.0,10.0,12.0,1.0,8,ES
106,LANSIVUORI Teuvo,8.0,10.0,9.0,12.0,12.0,0.0,8,IT
107,FAUBEL Hector,8.0,7.0,11.0,3.0,9.0,0.0,8,GB
108,MORTIMER Chas,7.0,17.0,15.0,3.0,5.0,0.0,8,GB
109,JACQUE Olivier,7.0,15.0,13.0,17.0,9.0,1.0,8,US
110,SARRON Christian,7.0,13.0,17.0,11.0,10.0,1.0,8,IT
111,BARROS Alex,7.0,11.0,14.0,5.0,14.0,0.0,8,ES
112,CORTESE Sandro,7.0,10.0,12.0,10.0,11.0,1.0,7,FR
113,ARMSTRONG Reg,7.0,9.0,13.0,0.0,2.0,0.0,7,IT
114,VAN KESSEL Henk,7.0,9.0,9.0,4.0,0.0,1.0,7,IT
115,CARRUTHERS Kel,7.0,9.0,6.0,0.0,8.0,1.0,7,IT
116,BRADL Stefan,7.0,8.0,4.0,8.0,5.0,1.0,7,BR
117,VINCENT Arnaud,7.0,8.0,4.0,4.0,1.0,1.0,7,NL
118,LORENZETTI Enrico,7.0,7.0,7.0,0.0,6.0,1.0,7,IT
119,PORTO Sebastian,7.0,7.0,5.0,11.0,8.0,0.0,7,AU
120,CECCHINELLO Lucio,7.0,7.0,5.0,4.0,10.0,0.0,7,GB
121,EKEROLD Jonnie,7.0,6.0,6.0,2.0,0.0,1.0,7,DE
122,UNCINI Franco,7.0,5.0,9.0,8.0,3.0,1.0,7,ZA
123,FOGGIA Dennis,7.0,5.0,6.0,0.0,3.0,0.0,7,FR
124,PASOLINI Renzo,6.0,17.0,12.0,0.0,7.0,0.0,7,DE
125,OKADA Tadayuki,6.0,16.0,14.0,7.0,8.0,0.0,7,AR
126,CANET Aron,6.0,10.0,8.0,7.0,10.0,0.0,7,IE
127,BEZZECCHI Marco,6.0,9.0,9.0,4.0,1.0,0.0,7,FR
128,MASETTI Umberto,6.0,9.0,6.0,0.0,1.0,2.0,6,IT
129,MANAKO Tomomi,6.0,8.0,9.0,0.0,7.0,0.0,6,ES
130,GARDNER Remy,6.0,8.0,3.0,6.0,5.0,1.0,6,
131,NAKANO Shinya,6.0,7.0,8.0,5.0,9.0,0.0,6,ES
132,LUCCHINELLI Marco,6.0,7.0,6.0,9.0,9.0,1.0,6,FR
133,GARCIA Sergio,6.0,7.0,0.0,2.0,4.0,0.0,6,IT
134,ROMBONI Doriano,6.0,6.0,10.0,7.0,4.0,0.0,6,JP
135,PHILLIS Tom,6.0,6.0,8.0,0.0,9.0,1.0,6,IT
136,AMM Ray,6.0,6.0,4.0,0.0,9.0,0.0,6,IT
137,MARINI Luca,6.0,6.0,3.0,5.0,5.0,0.0,6,ES
138,BERTIN Guy,6.0,5.0,1.0,8.0,8.0,0.0,6,IT
139,LIBERATI Libero,6.0,4.0,4.0,0.0,3.0,1.0,6,AU
140,ARENAS Albert,6.0,2.0,2.0,0.0,1.0,1.0,6,ES
141,TOERSEN Aalt,6.0,1.0,6.0,0.0,5.0,0.0,6,IT
142,ACOSTA Pedro,6.0,1.0,1.0,1.0,1.0,1.0,6,JP
143,HERWEH Manfred,6.0,0.0,6.0,3.0,3.0,0.0,6,DE
144,HARTLE John,5.0,21.0,8.0,0.0,2.0,0.0,6,AU
145,UKAWA Tohru,5.0,17.0,17.0,3.0,5.0,0.0,6,NL
146,MCINTYRE Bob,5.0,14.0,6.0,0.0,9.0,0.0,6,JP
147,KNEUBÜHLER Bruno,5.0,13.0,15.0,5.0,4.0,0.0,6,IT
148,CARDÚS Carlos,5.0,12.0,9.0,7.0,5.0,0.0,6,FR
149,KAVANAGH Ken,5.0,11.0,8.0,0.0,6.0,0.0,5,GB
150,BALDÉ Jean Francois,5.0,10.0,11.0,7.0,4.0,0.0,5,DE
151,DALLA PORTA Lorenzo,5.0,9.0,2.0,1.0,3.0,1.0,5,IT
152,DE PUNIET Randy,5.0,8.0,11.0,9.0,4.0,0.0,5,AU
153,BRADL Helmut,5.0,8.0,8.0,12.0,5.0,0.0,5,IT
154,PERUGINI Stefano,5.0,8.0,6.0,5.0,8.0,0.0,5,JP
155,FOLGER Jonas,5.0,7.0,12.0,6.0,8.0,0.0,5,GB
156,OETTL Peter,5.0,6.0,9.0,0.0,7.0,0.0,5,DE
157,AUINGER August,5.0,6.0,7.0,3.0,7.0,0.0,5,JP
158,DI MEGLIO Mike,5.0,6.0,2.0,3.0,4.0,1.0,5,AT
159,SANDFORD Cecyl,5.0,5.0,11.0,0.0,3.0,2.0,5,IT
160,NIETO Fonsi,5.0,5.0,8.0,12.0,7.0,0.0,5,GB
161,MASIA Jaume,5.0,5.0,3.0,4.0,11.0,0.0,5,GB
162,BALDASSARRI Lorenzo,5.0,5.0,2.0,2.0,5.0,0.0,5,ES
163,CORSI Simone,5.0,4.0,12.0,5.0,2.0,0.0,5,IT
164,TOKUDOME Masaki,5.0,3.0,3.0,5.0,3.0,0.0,5,NL
165,HARTOG Wil,5.0,2.0,5.0,0.0,2.0,0.0,5,JP
166,CHILI Pierfrancesco,5.0,2.0,4.0,5.0,4.0,0.0,5,FR
167,FRITH Freddie,5.0,0.0,0.0,0.0,5.0,1.0,5,CH
168,DE ANGELIS Alex,4.0,19.0,17.0,11.0,18.0,0.0,5,ES
169,ALZAMORA Emilio,4.0,13.0,13.0,1.0,5.0,1.0,5,BR
170,ROLFO Roberto,4.0,10.0,6.0,0.0,3.0,0.0,5,IT
171,JANSSON Borje,4.0,8.0,13.0,0.0,3.0,0.0,5,ES
172,DE RADIGUES Didier,4.0,8.0,3.0,12.0,3.0,0.0,5,AT
173,RITTBERGER Herbert,4.0,8.0,2.0,1.0,0.0,0.0,5,DE
174,DODDS John,4.0,6.0,11.0,3.0,4.0,0.0,5,FR
175,REDDING Scott,4.0,5.0,9.0,3.0,5.0,0.0,5,IT
176,ARBOLINO Tony,4.0,5.0,4.0,6.0,1.0,0.0,5,AU
177,PARLOTTI Gilberto,4.0,5.0,3.0,0.0,8.0,0.0,5,IT
178,KATAYAMA Yoshimi,4.0,5.0,3.0,0.0,6.0,0.0,4,DE
179,RUFFO Bruno,4.0,5.0,1.0,0.0,6.0,3.0,4,IT
180,STASTNY Franta,4.0,4.0,12.0,0.0,1.0,0.0,4,IT
181,SARRON Dominique,4.0,4.0,8.0,7.0,3.0,0.0,4,JP
182,HERRERO Santiago,4.0,4.0,3.0,0.0,3.0,0.0,4,SM
183,TAKAHASHI Kuninitsu,4.0,3.0,7.0,0.0,3.0,0.0,4,NL
184,VIETTI Celestino,4.0,3.0,5.0,2.0,4.0,0.0,4,IT
185,ANTONELLI Niccolò,4.0,3.0,4.0,9.0,4.0,0.0,4,BE
186,PAGANI Nello,4.0,2.0,5.0,0.0,4.0,1.0,4,
187,WAIBEL Gerhard,4.0,2.0,5.0,1.0,0.0,0.0,4,FR
188,SMITH Barry,4.0,2.0,4.0,0.0,2.0,0.0,4,DE
189,LODEWIJKX Paul,4.0,1.0,1.0,0.0,2.0,0.0,4,HU
190,DRAPAL Janos,4.0,0.0,1.0,0.0,2.0,0.0,4,ES
191,SMITH Bradley,3.0,10.0,12.0,9.0,5.0,0.0,4,IT
192,DI GIANNANTONIO Fabio,3.0,10.0,9.0,1.0,3.0,0.0,4,SE
193,FINDLAY Jack,3.0,9.0,13.0,1.0,1.0,0.0,4,AU
194,DUFF Mike,3.0,9.0,12.0,0.0,5.0,0.0,4,AU
195,PERRIS Frank,3.0,8.0,7.0,0.0,2.0,0.0,4,IT
196,ROTH Reinhold,3.0,8.0,4.0,2.0,3.0,0.0,4,IT
197,ROBB Tommy,3.0,7.0,18.0,0.0,2.0,0.0,4,JP
198,CORNU Jacques,3.0,7.0,11.0,3.0,3.0,0.0,4,ES
199,GRASSETTI Silvio,3.0,7.0,11.0,0.0,3.0,0.0,4,IT
200,PAGANI Alberto,3.0,7.0,9.0,0.0,0.0,0.0,4,GB
201,ROUGERIE Michel,3.0,7.0,7.0,6.0,2.0,0.0,3,JP
202,BEATTIE Daryl,3.0,7.0,4.0,0.0,1.0,0.0,3,IT
203,HAYDEN Nicky,3.0,6.0,19.0,5.0,7.0,1.0,3,FR
204,FERNANDEZ Patrick,3.0,6.0,17.0,4.0,1.0,0.0,3,GB
205,CRUTCHLOW Cal,3.0,6.0,10.0,4.0,4.0,0.0,3,BE
206,GADEA Sergio,3.0,6.0,9.0,2.0,6.0,0.0,3,IT
207,WIMMER Martin,3.0,6.0,7.0,8.0,8.0,0.0,3,ES
208,MCPHEE John,3.0,6.0,6.0,5.0,2.0,0.0,3,DE
209,KANAYA Hideo,3.0,6.0,6.0,2.0,4.0,0.0,3,NL
210,BUSCHERINI Otello,3.0,5.0,9.0,4.0,8.0,0.0,3,CH
211,HENNEN Pat,3.0,5.0,4.0,0.0,0.0,0.0,3,GB
212,ABE Norick,3.0,4.0,10.0,0.0,1.0,0.0,3,GB
213,GARRIGA Juan,3.0,4.0,6.0,2.0,11.0,0.0,3,ES
214,TIMMER Theo,3.0,4.0,5.0,0.0,0.0,0.0,3,IT
215,TAKAHASHI Yuki,3.0,4.0,4.0,0.0,0.0,0.0,3,GB
216,MILANI Alfredo,3.0,4.0,2.0,0.0,3.0,0.0,3,IT
217,GRAMIGNI Alessandro,3.0,3.0,6.0,3.0,0.0,1.0,3,IT
218,RUGGIA Jean Philippe,3.0,3.0,4.0,2.0,2.0,0.0,3,DE
219,GRANT Mike,3.0,3.0,3.0,1.0,4.0,0.0,3,IT
220,MENDOGNI Emilio,3.0,3.0,3.0,0.0,2.0,0.0,3,US
221,SANNA Simone,3.0,3.0,3.0,0.0,1.0,0.0,3,CA
222,ROSSI Graziano,3.0,2.0,2.0,1.0,0.0,0.0,3,GB
223,WILLIAMS Charlie,3.0,2.0,0.0,0.0,2.0,0.0,3,IE
224,CANN Maurice,3.0,2.0,0.0,0.0,2.0,0.0,3,GB
225,FERNANDEZ Augusto,3.0,1.0,7.0,1.0,6.0,0.0,3,FR
226,CHECA Carlos,2.0,14.0,8.0,3.0,5.0,0.0,3,AU
227,HERREROS Manuel,2.0,12.0,8.0,0.0,0.0,1.0,3,AU
228,SHEPHERD Alan,2.0,9.0,9.0,0.0,3.0,0.0,3,ES
229,NAVARRO Jorge,2.0,8.0,9.0,5.0,4.0,0.0,3,GB
230,BONERA Gianfranco,2.0,7.0,6.0,1.0,4.0,0.0,3,JP
231,GRAHAM Stuart,2.0,7.0,5.0,0.0,1.0,0.0,3,IT
232,VAZQUEZ Efren,2.0,6.0,8.0,1.0,4.0,0.0,3,CH
233,FERRARI Virginio,2.0,6.0,2.0,1.0,3.0,0.0,3,US
234,DALE Dickie,2.0,5.0,5.0,0.0,2.0,0.0,3,JP
235,BERGAMONTI Angelo,2.0,5.0,3.0,0.0,2.0,0.0,3,ES
236,NAKAGAMI Takaaki,2.0,4.0,8.0,6.0,1.0,0.0,3,FR
237,HERRON Tom,2.0,4.0,8.0,3.0,1.0,0.0,3,GB
238,PETRUCCI Danilo,2.0,4.0,4.0,0.0,2.0,0.0,3,IT
239,PALAZZESE Ivan,2.0,4.0,3.0,1.0,2.0,0.0,3,IT
240,ITOH Mitsuo,2.0,3.0,8.0,0.0,1.0,0.0,3,AU
241,MIGNO Andrea,2.0,3.0,6.0,4.0,4.0,0.0,3,IT
242,PESEK Lukas,2.0,3.0,4.0,3.0,4.0,0.0,2,ES
243,DORAN William,2.0,3.0,3.0,0.0,2.0,0.0,2,GB
244,DEBON Alex,2.0,3.0,2.0,4.0,3.0,0.0,2,ES
245,WOOD Tommy,2.0,3.0,1.0,0.0,2.0,0.0,2,IT
246,RAMIREZ Marcos,2.0,2.0,4.0,2.0,2.0,0.0,2,IT
247,SAUL Eric,2.0,2.0,4.0,1.0,1.0,0.0,2,GB
248,MONNERET Pierre,2.0,2.0,4.0,0.0,2.0,0.0,2,ES
249,VITALI Maurizio,2.0,2.0,3.0,5.0,1.0,0.0,2,GB
250,WEST Anthony,2.0,2.0,2.0,0.0,1.0,0.0,2,GB
251,RUTTER Tony,2.0,2.0,1.0,2.0,1.0,0.0,2,IT
252,TAMADA Makoto,2.0,1.0,2.0,3.0,2.0,0.0,2,CZ
253,SCALVINI Gianluigi,2.0,1.0,2.0,2.0,2.0,0.0,2,FR
254,HUBERTS Jan,2.0,1.0,2.0,0.0,3.0,0.0,2,ES
255,CAÑELLAS Salvador,2.0,1.0,2.0,0.0,1.0,0.0,2,VE
256,SUZUKI Tatsuki,2.0,1.0,1.0,6.0,3.0,0.0,2,JP
257,MIDDELBURG Jack,2.0,1.0,1.0,2.0,1.0,0.0,2,IT
258,MASBOU Alexis,2.0,1.0,1.0,1.0,1.0,0.0,2,DE
259,GANDOSSI Alberto,2.0,1.0,1.0,0.0,2.0,0.0,2,ES
260,TORRONTEGUI Herri,2.0,0.0,4.0,0.0,1.0,0.0,2,NL
261,WHEELER Arthur,2.0,0.0,2.0,0.0,2.0,0.0,2,FR
262,MCCANDLESS Cromie,2.0,0.0,1.0,0.0,1.0,0.0,2,AU
263,PAWI Khairul Idham,2.0,0.0,0.0,0.0,1.0,0.0,2,GB
264,KASSNER Helmut,2.0,0.0,0.0,0.0,1.0,0.0,2,NL
265,VENTURI Remo,1.0,14.0,7.0,0.0,3.0,0.0,2,IE
266,CASANOVA Bruno,1.0,9.0,6.0,6.0,5.0,0.0,2,IE
267,MOLLOY Ginger,1.0,9.0,3.0,0.0,0.0,0.0,2,GB
268,WILLIAMS Peter,1.0,8.0,2.0,1.0,2.0,0.0,2,FI
269,FREYMOND Roland,1.0,6.0,3.0,0.0,1.0,0.0,2,IT
270,FERRI Romolo,1.0,6.0,0.0,0.0,4.0,0.0,2,JP
271,KOYAMA Tomoyoshi,1.0,5.0,3.0,0.0,0.0,0.0,2,JP
272,BRETT Jack,1.0,4.0,6.0,0.0,1.0,0.0,2,FR
273,COLEMAN Rod,1.0,4.0,6.0,0.0,1.0,0.0,2,IT
274,SCHURGERS Jos,1.0,4.0,6.0,0.0,0.0,0.0,2,JP
275,TOURNADRE Jean Louis,1.0,4.0,4.0,0.0,2.0,1.0,2,IT
276,LEGA Mario,1.0,4.0,4.0,0.0,1.0,1.0,2,IT
277,BRIGAGLIA Domenico,1.0,4.0,4.0,1.0,2.0,0.0,2,GB
278,GRAF Ulrich,1.0,4.0,4.0,1.0,0.0,0.0,2,ES
279,PREIN Stefan,1.0,3.0,4.0,2.0,5.0,0.0,2,ES
280,MINTER Derek,1.0,3.0,4.0,0.0,0.0,0.0,2,MT
281,VERMEULEN Chris,1.0,3.0,3.0,3.0,1.0,0.0,2,ES
282,BINDER Darryn,1.0,3.0,2.0,3.0,6.0,0.0,1,DE
283,BELL Artie,1.0,3.0,1.0,0.0,1.0,0.0,1,FR
284,ITO Fumio,1.0,3.0,0.0,0.0,2.0,0.0,1,NZ
285,KORHONEN Pentti,1.0,2.0,7.0,1.0,0.0,0.0,1,FR
286,WILLIAMS John,1.0,2.0,5.0,0.0,1.0,0.0,1,IE
287,SCHNEIDER Bert,1.0,2.0,5.0,0.0,0.0,0.0,1,IT
288,MARSOVSZKY Gyula,1.0,2.0,5.0,0.0,0.0,0.0,1,CZ
289,AOKI Nobuatsu,1.0,2.0,4.0,1.0,1.0,0.0,1,JP
290,CHEVALLIER Olivier,1.0,2.0,4.0,1.0,0.0,0.0,1,GB
291,MCCONNACHIE Ian,1.0,2.0,4.0,1.0,0.0,0.0,1,NZ
292,SPIES Ben,1.0,2.0,3.0,1.0,1.0,0.0,1,IT
293,NORTH Alan,1.0,2.0,2.0,6.0,1.0,0.0,1,GB
294,LUCCHI Marcellino,1.0,2.0,2.0,3.0,1.0,0.0,1,DE
295,SELINI Jean Claude,1.0,2.0,2.0,2.0,1.0,0.0,1,SE
296,BOLLE Jacques,1.0,2.0,2.0,1.0,1.0,0.0,1,ZA
297,SIMEON Xavier,1.0,2.0,1.0,2.0,1.0,0.0,1,NL
298,VAN DULMEN Boet,1.0,2.0,1.0,1.0,0.0,0.0,1,DE
299,SPAGGIARI Bruno,1.0,2.0,1.0,0.0,1.0,0.0,1,FR
300,KISSLING Jorge,1.0,2.0,0.0,0.0,0.0,0.0,1,DE
301,ZEELENBERG Wilco,1.0,1.0,9.0,1.0,1.0,0.0,1,JP
302,PUIG Alberto,1.0,1.0,7.0,0.0,1.0,0.0,1,IT
303,NIETO Pablo,1.0,1.0,6.0,3.0,5.0,0.0,1,GB
304,AHEARN Jack,1.0,1.0,6.0,0.0,0.0,0.0,1,NZ
305,AEGERTER Dominique,1.0,1.0,5.0,1.0,1.0,0.0,1,ES
306,MCWILLIAMS Jeremy,1.0,1.0,4.0,3.0,0.0,0.0,1,NL
307,NEWCOMBE Kim,1.0,1.0,4.0,0.0,1.0,0.0,1,IT
308,ESPARGARO Aleix,1.0,1.0,3.0,3.0,1.0,0.0,1,NL
309,CALDARELLA Benedicto,1.0,1.0,2.0,0.0,2.0,0.0,1,IT
310,TOBA Kaito,1.0,1.0,2.0,0.0,1.0,0.0,1,DE
311,TANAKA Kenjiro,1.0,1.0,2.0,0.0,0.0,0.0,1,JP
312,CONFORTI Pier Luigi,1.0,1.0,2.0,0.0,0.0,0.0,1,ES
313,GUILLEUX Herve,1.0,1.0,2.0,0.0,0.0,0.0,1,BE
314,OETTL Philipp,1.0,1.0,1.0,1.0,2.0,0.0,1,JP
315,CRAFAR Simon,1.0,1.0,1.0,1.0,2.0,0.0,1,AU
316,AGOSTINI Duilio,1.0,1.0,1.0,0.0,2.0,0.0,1,CH
317,CLUZEL Jules,1.0,1.0,1.0,0.0,1.0,0.0,1,DE
318,TORRES Jordi,1.0,1.0,1.0,0.0,1.0,0.0,1,US
319,BRUINS Jan,1.0,1.0,1.0,0.0,0.0,0.0,1,DE
320,FÜGNER Horst,1.0,1.0,1.0,0.0,0.0,0.0,1,DE
321,TOMIZAWA Shoya,1.0,1.0,0.0,2.0,0.0,0.0,1,AT
322,GUEVARA Izan,1.0,1.0,0.0,1.0,4.0,0.0,1,JP
323,NAGASHIMA Tetsuta,1.0,1.0,0.0,1.0,2.0,0.0,1,GB
324,CHANTRA Somkiat,1.0,1.0,0.0,0.0,2.0,0.0,1,ZA
325,LOI Livio,1.0,1.0,0.0,0.0,1.0,0.0,1,NZ
326,NEWBOLD John,1.0,1.0,0.0,0.0,1.0,0.0,1,FR
327,CREITH R.,1.0,1.0,0.0,0.0,0.0,0.0,1,NL
328,GOI Ivan,1.0,1.0,0.0,0.0,0.0,0.0,1,AR
329,FILICE Jim,1.0,1.0,0.0,0.0,0.0,0.0,1,IT
330,GUSTAFSSON Leif,1.0,1.0,0.0,0.0,0.0,0.0,1,IE
331,COLNAGO Giuseppe,1.0,1.0,0.0,0.0,0.0,0.0,1,IT
332,CASOLI Paolo,1.0,0.0,4.0,1.0,0.0,0.0,1,AT
333,BAYLISS Troy,1.0,0.0,4.0,0.0,0.0,0.0,1,FR
334,RICCI Fausto,1.0,0.0,4.0,0.0,0.0,0.0,1,GB
335,VAN DONGEN Cees,1.0,0.0,4.0,0.0,0.0,0.0,1,IT
336,CELSO-SANTOS Adu,1.0,0.0,2.0,0.0,0.0,0.0,1,IT
337,DANIELL Harold,1.0,2.0,0.0,0.0,0.0,0.0,1,CH
338,ROBERTS Joe,1.0,1.0,3.0,1.0,0.0,0.0,1,BR
339,TAIRA Tadahiko,1.0,1.0,2.0,1.0,0.0,0.0,1,FI
340,LACONI Regis,1.0,1.0,1.0,0.0,0.0,0.0,1,IT
341,PIRRO Michele,1.0,1.0,1.0,0.0,0.0,0.0,1,GB
342,ARTIGAS Xavier,1.0,1.0,0.0,2.0,0.0,0.0,1,JP
343,KOBAYASHI Masaru,1.0,1.0,0.0,1.0,0.0,0.0,1,AU
344,MCCULLOUGH Ray,1.0,1.0,0.0,1.0,0.0,0.0,1,IT
345,ABRAHAM Karel,1.0,1.0,0.0,1.0,0.0,0.0,1,JP
346,NASH Godfrey,1.0,1.0,0.0,1.0,0.0,0.0,1,ES
347,HASEGAWA Horoshi,1.0,1.0,0.0,1.0,0.0,0.0,1,GB
348,EMMERICH Ingo,1.0,1.0,0.0,0.0,0.0,0.0,1,IT
349,KAFKA Gerd,1.0,1.0,0.0,0.0,0.0,0.0,1,JP
350,COPETA Angelo,1.0,1.0,0.0,0.0,0.0,0.0,1,FR
351,JEFFERIES Tony,1.0,1.0,0.0,0.0,0.0,0.0,1,IE
352,CARTER Alan,1.0,0.0,0.0,2.0,0.0,0.0,1,GB
353,BALLERINI Andrea,1.0,0.0,0.0,1.0,0.0,0.0,1,JP
354,STOELLINGER Edi,1.0,0.0,0.0,1.0,0.0,0.0,1,ES
355,SALA Guido,1.0,0.0,0.0,1.0,0.0,0.0,1,ES
356,MIYAZAKI Osamu,1.0,0.0,0.0,1.0,0.0,0.0,1,AR
357,REITMAIER Fritz,1.0,0.0,0.0,1.0,0.0,0.0,1,AU
358,ÖNCÜ Can,1.0,0.0,0.0,1.0,0.0,0.0,1,DE
359,MUDFORD Ken,1.0,0.0,0.0,1.0,0.0,0.0,1,ES
360,CZIHAK Edmund,1.0,0.0,0.0,1.0,0.0,0.0,1,IT
361,BARRINGTON Manliefe,1.0,0.0,0.0,0.0,0.0,0.0,1,IT
362,IRELAND Dennis,1.0,0.0,0.0,0.0,0.0,0.0,1,DE
363,ROSSI Louis,1.0,0.0,0.0,0.0,0.0,0.0,1,ES
364,LEONI Guido,1.0,0.0,0.0,0.0,0.0,0.0,1,JP
365,FELGENHEIER Roland,1.0,0.0,0.0,0.0,0.0,0.0,1,DE
366,AUREAL Jean,1.0,0.0,0.0,0.0,0.0,0.0,1,TH
367,CARPENTER Phil,1.0,0.0,0.0,0.0,0.0,0.0,1,DE
368,,,,,,,,1,JP
369,,,,,,,,1,CH
370,,,,,,,,1,US
371,,,,,,,,1,FR
372,,,,,,,,1,GB
373,,,,,,,,1,IT
374,,,,,,,,1,ES
375,,,,,,,,1,AT
376,,,,,,,,1,DE
377,,,,,,,,1,DE
378,,,,,,,,1,NL
379,,,,,,,,1,NZ
380,,,,,,,,1,BE
381,,,,,,,,1,GB
382,,,,,,,,1,NZ
383,,,,,,,,1,IT
384,,,,,,,,1,GB
385,,,,,,,,1,AU
386,,,,,,,,1,IT
387,,,,,,,,1,FR
388,,,,,,,,1,GB
389,,,,,,,,1,JP
390,,,,,,,,1,CH
391,,,,,,,,1,FR
392,,,,,,,,1,TR
393,,,,,,,,1,IE
